,word,index,frequency
0,"""double",0,-7.637546682712134
1,"""washout",1,-7.979063066220025
2,.,2,-1.6310541146666702
3,<>,3,-0.08039897313600441
4,<start>,4,-1.6310541146666702
5,A,5,-4.812505746696406
6,ARCT,6,-8.015103002703222
7,ARCTs,7,-7.326553531391905
8,Abnormal,8,-6.707514322985682
9,Advanced,9,-8.081478071648094
10,Arch,10,-7.631277069698539
11,Arterial,11,-7.388330891088149
12,Arteriovenous,12,-9.873237540876149
13,Atrophic,13,-8.062059985790993
14,Autofluorescence,14,-7.3593433542148965
15,Bifocal,15,-8.052490534774842
16,CD,16,-7.771976951801674
17,CNV,17,-6.107941856317851
18,Circumferential,18,-8.081478071648094
19,Clouding,19,-7.987952013637271
20,Crosscompression,20,-9.180090360316203
21,DR,21,-8.77462525220804
22,DalenFuchs,22,-8.362645463078682
23,Dense,23,-7.448955512904584
24,Diffuse,24,-5.374081679003302
25,Dilatation,25,-8.628913441026645
26,Dilated,26,-5.743260899062127
27,Dotted,27,-7.1154639044215084
28,During,28,-5.2882700622055765
29,Early,29,-6.79024882232493
30,Enlarged,30,-8.646007874385946
31,Expanded,31,-7.902429840199108
32,Extensive,32,-8.628913441026645
33,FAZ,33,-8.681099194197216
34,FFA,34,-2.74144499241782
35,Featherlike,35,-9.272463680447219
36,Fluorescein,36,-4.749974086895584
37,Fluorescence,37,-5.016164864255597
38,Focal,38,-4.797696146149118
39,Foci,39,-7.3358128568047025
40,Formation,40,-8.547567801572693
41,Hemorrhagic,41,-7.1930221387673825
42,High,42,-8.081478071648094
43,Huge,43,-7.743606254672459
44,IGCA,44,-7.49151512732338
45,IRMA,45,-5.349532642576344
46,IRMAs,46,-8.628913441026645
47,In,47,-4.408658258551503
48,Incomplete,48,-8.362645463078682
49,Increased,49,-4.498503943883749
50,Inferior,50,-6.495850807907713
51,Interrefractive,51,-8.77462525220804
52,Intraretinal,52,-8.26379962844205
53,Laminar,53,-9.180090360316203
54,Large,54,-6.338263698581873
55,Laser,55,-7.029697082664084
56,Late,56,-6.745445545309092
57,Leakage,57,-7.547395585717837
58,Left,58,-4.906697566645118
59,Limited,59,-7.637546682712134
60,Local,60,-7.454177456885736
61,Localized,61,-7.096979089747405
62,Macula,62,-7.1496228232328285
63,Macular,63,-4.861426467690881
64,Microangioma,64,-7.3311724772482005
65,Microleakage,65,-8.612106322710265
66,Microvascular,66,-8.005970519139948
67,Mild,67,-6.992718079422996
68,Minimal,68,-8.755207166350939
69,Multifocal,69,-5.5210638693519485
70,Multiple,70,-6.768914679849939
71,Neovascular,71,-8.252103588678859
72,Neovascularization,72,-8.51679614290594
73,No,73,-2.5638676948681005
74,Nonperfused,74,-8.646007874385946
75,Normal,75,-8.51679614290594
76,Numerous,76,-7.294804833077325
77,OS,77,-6.260731065546787
78,Obvious,78,-8.51679614290594
79,Oilfluid,79,-8.111331034797775
80,Optic,80,-4.802854595318063
81,PD,81,-5.043983069732128
82,PDod,82,-7.771976951801674
83,PED,83,-7.043490404796419
84,PEDod,84,-7.180997945800582
85,PEDs,85,-7.502444197855571
86,PR,86,-8.814630586821739
87,Patchy,87,-8.663399617097815
88,Peripheral,88,-7.459426812771879
89,Pigmentation,89,-7.016091430608306
90,Posterior,90,-7.743606254672459
91,Preretinal,91,-9.410614018928037
92,Prolonged,92,-8.275634086089052
93,Punctate,93,-8.388962771396056
94,RPE,94,-3.6775124926907528
95,RPEod,95,-8.736158971380243
96,Refractive,96,-6.278345612247769
97,Relative,97,-8.005970519139948
98,Restricted,98,-7.272728881378125
99,Retina,99,-8.043011790820298
100,Retinal,100,-4.551663312163845
101,Right,101,-5.318123025355257
102,Round,102,-8.101280698944274
103,S,103,-9.209943323465886
104,Scattered,104,-4.307365781996456
105,Scleral,105,-9.09553297228814
106,Segmental,106,-7.793795999196313
107,Several,107,-6.307855950397158
108,Short,108,-8.131739906428983
109,Significantly,109,-7.582486905529107
110,Slight,110,-5.348894684022012
111,Slightly,111,-7.682570364086089
112,Small,112,-5.43613799885334
113,Some,113,-7.281500867450962
114,Speckled,114,-6.522301993994882
115,Spotlike,115,-8.457955642883006
116,Spots,116,-8.07172189670273
117,Staged,117,-8.121483406261794
118,Staining,118,-8.324424250258485
119,Striped,119,-9.240714982132639
120,Strips,120,-7.9528606938260005
121,Strong,121,-6.475969437353884
122,Subretinal,122,-8.646007874385946
123,Superior,123,-8.415991443783975
124,Surface,124,-9.09553297228814
125,Testing,125,-11.320156523812475
126,The,126,-2.997823165888297
127,There,127,-4.755596027212377
128,Three,128,-7.530301152358536
129,Two,129,-6.758415895751719
130,Vascular,130,-8.899788395162046
131,Venous,131,-8.699117699699894
132,Vertical,132,-7.234180211260892
133,Vitreous,133,-6.063964083565109
134,Weak,134,-6.64966687170374
135,Weiss,135,-8.579316499887273
136,a,136,-3.5339162276920812
137,abnormal,137,-2.0377048144890355
138,abnormalities,138,-3.88959764430494
139,abnormality,139,-7.801176106493935
140,about,140,-5.828124416641041
141,above,141,-3.860385694239484
142,aboveod,142,-8.163156102662361
143,absorbent,143,-7.0933227785442945
144,acceptable,144,-8.51679614290594
145,accompanied,145,-8.362645463078682
146,accumulated,146,-8.681099194197216
147,accumulates,147,-7.656594877682828
148,accumulating,148,-8.968781266648998
149,accumulation,149,-4.643387973605574
150,active,150,-7.438592725869038
151,adjacent,151,-7.1970625483043875
152,advanced,152,-5.586006512539878
153,adventitia,153,-8.299731637668112
154,affect,154,-8.681099194197216
155,affected,155,-8.992878818228057
156,aged,156,-8.062059985790993
157,aligned,157,-7.650205079584058
158,alignment,158,-6.045875735092679
159,all,159,-4.883605594652591
160,along,160,-9.180090360316203
161,also,161,-7.709238611168251
162,always,162,-6.730099975634431
163,amount,163,-5.891907987672408
164,amounts,164,-8.646007874385946
165,an,165,-7.600505411031785
166,anastomosing,166,-7.519065079091611
167,anastomosis,167,-9.122931946476255
168,anastomotic,168,-7.016091430608306
169,and,169,-0.8567032445766358
170,aneurysm,170,-7.393244905890578
171,aneurysms,171,-7.970252436537869
172,angiogram,172,-6.560121627263468
173,angiographic,173,-7.570652447882104
174,angiography,174,-3.7448283153898223
175,angioma,175,-8.091330368091105
176,angiomalike,176,-8.337003032465343
177,angiomatous,177,-7.808611084981454
178,angle,178,-8.814630586821739
179,angles,179,-7.39818318753116
180,annular,180,-7.00935739842696
181,anomalous,181,-7.177021797420942
182,anterior,182,-6.331426065104269
183,anteriorly,183,-8.663399617097815
184,any,184,-6.603892290318797
185,apparent,185,-8.835249874024475
186,appear,186,-8.375717544646035
187,appeared,187,-8.835249874024475
188,approximately,188,-3.606595246131454
189,arc,189,-5.355934713098367
190,arch,190,-3.30780688448468
191,arches,191,-6.828715103152726
192,archos,192,-9.09553297228814
193,arclike,193,-8.163156102662361
194,arcs,194,-7.979063066220025
195,arcuate,195,-6.215727350429859
196,are,196,-3.4625790297473897
197,area,197,-3.039698837229914
198,areaod,198,-8.51679614290594
199,areas,199,-3.48171463267245
200,around,200,-3.948038495474688
201,arrangement,201,-9.448354346910884
202,arterial,202,-4.151769249105136
203,arteries,203,-5.239651409913764
204,arteriolar,204,-7.5765521700092915
205,arterioles,205,-6.448783297049728
206,arteriosus,206,-9.151102823442951
207,arteriovenous,207,-4.246463167286906
208,artery,208,-5.796697603287555
209,as,209,-6.25440193049514
210,aspect,210,-6.371396633434307
211,at,211,-3.9309014504461754
212,atrophic,212,-6.1873035969919705
213,atrophy,213,-3.1332745869039775
214,attachment,214,-8.51679614290594
215,atypical,215,-8.968781266648998
216,autofluorescence,216,-8.052490534774842
217,avascular,217,-7.016091430608306
218,background,218,-5.897411578889386
219,band,219,-6.837153971798591
220,banded,220,-6.860012109874642
221,bandlike,221,-8.77462525220804
222,bar,222,-8.195591378415516
223,base,223,-6.1582317821699935
224,basically,224,-4.8780145257747805
225,be,225,-5.1391052089191245
226,bead,226,-8.024319657808146
227,beadlike,227,-5.8426474934794115
228,beads,228,-8.699117699699894
229,became,229,-7.9528606938260005
230,began,230,-6.18582975737367
231,beginning,231,-6.2512523215922435
232,being,232,-9.01757143081843
233,belonging,233,-9.873237540876149
234,belongs,234,-7.764808462323062
235,below,235,-4.012116196763715
236,bending,236,-7.771976951801674
237,between,237,-7.7228442632240295
238,bit,238,-7.177021797420942
239,blocked,239,-6.066575051105829
240,blocking,240,-7.801176106493935
241,blood,241,-5.94487811612831
242,bloodod,242,-8.415991443783975
243,blurred,243,-6.018096170985604
244,boatshaped,244,-8.547567801572693
245,body,245,-7.7228442632240295
246,border,246,-4.616968410571612
247,borderod,247,-9.180090360316203
248,borders,248,-4.184867345214835
249,bordersod,249,-6.877505267322158
250,boundaries,250,-6.9634476971228825
251,boundary,251,-6.010651967873875
252,bounded,252,-8.736158971380243
253,branch,253,-4.951969337461982
254,branches,254,-5.062488935929835
255,branching,255,-5.728237142301667
256,brushlike,256,-6.740304145808674
257,buds,257,-7.1496228232328285
258,bulge,258,-7.689171048117441
259,bulging,259,-8.052490534774842
260,but,260,-6.206663844276511
261,by,261,-6.296276002966199
262,bypass,262,-9.180090360316203
263,can,263,-5.673826623904359
264,canal,264,-4.953256615048025
265,capillaries,265,-3.367629351307642
266,capillary,266,-2.6770357757984464
267,center,267,-4.909981641846308
268,central,268,-5.045394502570536
269,change,269,-6.839982827999069
270,changed,270,-6.534750287521451
271,changes,271,-5.4508596106787
272,changing,272,-8.275634086089052
273,child,273,-7.582486905529107
274,chorioretinal,274,-7.225811961590374
275,choroid,275,-5.298526562372766
276,choroidal,276,-2.487751213265635
277,chylomicron,277,-8.229114070454159
278,chylomicronlike,278,-8.240542766277782
279,ciliary,279,-8.081478071648094
280,circular,280,-6.6709694524076095
281,circularlike,281,-7.264033174410573
282,circulation,282,-7.682570364086089
283,circumferential,283,-8.856303283222307
284,clear,284,-4.027649178319715
285,clearer,285,-7.272728881378125
286,clearly,286,-6.238752158828012
287,cloudiness,287,-8.628913441026645
288,clouding,288,-4.861818240467684
289,cloudingod,289,-8.415991443783975
290,cloudy,290,-6.61288111488723
291,cluster,291,-6.817572926599485
292,clustered,292,-7.177021797420942
293,clusterlike,293,-7.428336225701848
294,clusters,294,-4.520264890706283
295,coarse,295,-7.743606254672459
296,collateral,296,-8.899788395162046
297,collected,297,-7.582486905529107
298,collection,298,-7.213389441591817
299,combined,299,-6.654361716007948
300,compacta,300,-8.856303283222307
301,compression,301,-9.209943323465886
302,concavity,302,-7.022871117593684
303,confined,303,-5.174362741390642
304,connected,304,-8.547567801572693
305,consistent,305,-7.3358128568047025
306,constant,306,-6.944399502152189
307,contour,307,-7.0680962155986204
308,contrast,308,-3.6286138627692757
309,contrasted,309,-8.287610277135768
310,convoluted,310,-8.628913441026645
311,cooking,311,-7.637546682712134
312,cooperation,312,-8.612106322710265
313,corneal,313,-8.856303283222307
314,cornlike,314,-8.646007874385946
315,corresponding,315,-6.907358230471839
316,cotton,316,-6.883404989449346
317,could,317,-6.159665474171842
318,course,318,-7.002668410276165
319,crack,319,-6.146835647439124
320,cracked,320,-7.1730613962048455
321,cracking,321,-7.49151512732338
322,cracks,322,-7.006007311541678
323,crawling,323,-8.052490534774842
324,crestlike,324,-8.252103588678859
325,cross,325,-7.234180211260892
326,crosscompression,326,-7.340474869910514
327,crossindentation,327,-7.016091430608306
328,cup,328,-5.86270093592614
329,cuproscopy,329,-8.052490534774842
330,cuptodisc,330,-6.331426065104269
331,curvature,331,-8.44377100789105
332,curved,332,-6.779524858961954
333,cutoff,333,-8.814630586821739
334,cystic,334,-5.429894482213655
335,cystlike,335,-7.057476646771159
336,cystoid,336,-4.905059564640879
337,damage,337,-3.6678482762104916
338,dark,338,-7.1930221387673825
339,deep,339,-7.631277069698539
340,deepened,340,-8.375717544646035
341,defect,341,-6.680584911107051
342,defects,342,-5.927665987247188
343,deficiency,343,-7.886169319327328
344,defined,344,-5.330568736717353
345,deformed,345,-6.969878587453174
346,degeneration,346,-6.089047906957887
347,degenerative,347,-7.1730613962048455
348,degree,348,-8.968781266648998
349,delay,349,-8.299731637668112
350,delayed,350,-5.303389793842275
351,demarcation,351,-7.388330891088149
352,dendritic,352,-7.49151512732338
353,dense,353,-6.992718079422996
354,depigmentation,354,-5.406653518174204
355,depigmented,355,-8.005970519139948
356,deposition,356,-5.739483746318383
357,deposits,357,-7.709238611168251
358,destroyed,358,-7.373732091666996
359,destruction,359,-5.785779380683682
360,detachment,360,-4.625285107206931
361,detachmentod,361,-7.702504578986906
362,development,362,-8.646007874385946
363,diameter,363,-5.752766674061828
364,did,364,-6.373171256792675
365,diffuse,365,-3.875323249920281
366,diffusely,366,-7.5765521700092915
367,dilatation,367,-3.278019705278624
368,dilated,368,-3.2926799929519928
369,dilation,369,-4.838196619411752
370,diminished,370,-6.7124894576257965
371,directions,371,-8.646007874385946
372,disappeared,372,-8.681099194197216
373,disc,373,-1.5473615400341685
374,discernible,374,-6.898308394951922
375,discod,375,-6.25440193049514
376,discography,376,-7.272728881378125
377,discshaped,377,-8.229114070454159
378,disorder,378,-7.141930477609671
379,displaced,379,-8.612106322710265
380,displacement,380,-8.052490534774842
381,disruption,381,-6.058762511369036
382,distal,382,-4.672143948592877
383,distorted,383,-5.912984752352356
384,distortion,384,-7.177021797420942
385,distribution,385,-9.042889238802719
386,division,386,-8.362645463078682
387,dominated,387,-8.899788395162046
388,dot,388,-8.152573993331824
389,dotlike,389,-6.3590616752763545
390,dots,390,-4.855568220122514
391,dotted,391,-4.518039576853335
392,doubletrack,392,-9.151102823442951
393,downward,393,-8.052490534774842
394,drainage,394,-7.364116632967555
395,due,395,-5.8659043556436785
396,during,396,-3.6505445662632465
397,dye,397,-3.0839346391565754
398,dyestained,398,-8.052490534774842
399,dysplastic,399,-8.043011790820298
400,each,400,-3.9876238256898
401,early,401,-3.81287816630306
402,edema,402,-3.7851268084210994
403,edemalike,403,-8.736158971380243
404,edemaod,404,-7.388330891088149
405,edemaos,405,-9.09553297228814
406,edematous,406,-8.51679614290594
407,edge,407,-5.12677206184191
408,edgedominated,408,-8.755207166350939
409,edges,409,-8.349742058242773
410,elevated,410,-5.531726575095989
411,elevation,411,-6.61288111488723
412,encircling,412,-8.856303283222307
413,end,413,-6.512045493827694
414,endings,414,-7.979063066220025
415,ends,415,-9.122931946476255
416,enhanced,416,-5.395900726397942
417,enhancement,417,-6.4545470017664766
418,enlarged,418,-6.033152917164712
419,enlargement,419,-7.513494034042155
420,entanglement,420,-7.582486905529107
421,epithelial,421,-3.185322451789926
422,epithelium,422,-7.012718746129666
423,especially,423,-5.552617083353523
424,essentially,424,-8.388962771396056
425,even,425,-8.005970519139948
426,evident,426,-7.702504578986906
427,exact,427,-8.015103002703222
428,examination,428,-7.582486905529107
429,except,429,-8.628913441026645
430,existed,430,-7.736637585356364
431,expanded,431,-7.757690994554197
432,expansion,432,-6.886367954580004
433,extension,433,-8.275634086089052
434,extensive,434,-4.79402776345866
435,extensively,435,-7.9528606938260005
436,extent,436,-7.3358128568047025
437,exudate,437,-8.472344380335105
438,exudates,438,-8.252103588678859
439,exudative,439,-5.269244518061072
440,eye,440,-2.184539698032228
441,eyeFFA,441,-4.98112084701523
442,eyeNo,442,-8.388962771396056
443,faded,443,-7.475342268077778
444,fades,444,-8.062059985790993
445,fading,445,-7.823648962345995
446,faintly,446,-6.675765624671103
447,fair,447,-8.79442787950422
448,fanshaped,448,-8.275634086089052
449,far,449,-6.851378962729939
450,featherlike,450,-8.152573993331824
451,few,451,-7.918959142150319
452,fewer,452,-8.14210269346453
453,fiber,453,-8.835249874024475
454,fibers,454,-6.385682590681784
455,fibrillation,455,-8.362645463078682
456,fibroproliferative,456,-6.524365978215734
457,fibrous,457,-5.292480594741921
458,fibrovascular,458,-6.750613515467535
459,filled,459,-8.681099194197216
460,filling,460,-3.4468442716532643
461,film,461,-8.252103588678859
462,fissure,462,-7.036569961951846
463,fissures,463,-7.729717142511792
464,flakes,464,-7.464703869872723
465,flat,465,-6.766279632211933
466,flattened,466,-8.252103588678859
467,flocculent,467,-5.434052492362319
468,fluffy,468,-8.547567801572693
469,fluorescein,469,-2.5588805450683716
470,fluorescence,470,-1.4437704202850226
471,fluorescenceod,471,-6.877505267322158
472,fluorescenceos,472,-8.899788395162046
473,fluorescences,473,-8.131739906428983
474,fluorescent,474,-4.286870522383127
475,fluorescently,475,-5.807736350602378
476,fluorescing,476,-6.865809227558968
477,focal,477,-3.054956562439511
478,focally,478,-8.699117699699894
479,foci,479,-4.654791328090411
480,focused,480,-8.052490534774842
481,foldslike,481,-8.486943179756258
482,for,482,-8.628913441026645
483,form,483,-6.675765624671103
484,formation,484,-2.8072223893166206
485,formationod,485,-8.646007874385946
486,formationos,486,-9.09553297228814
487,formations,487,-8.062059985790993
488,formed,488,-5.2882700622055765
489,forming,489,-9.122931946476255
490,four,490,-8.547567801572693
491,foveal,491,-8.755207166350939
492,from,492,-3.0608924466986704
493,front,493,-6.606131932912302
494,fundus,494,-4.302426391621765
495,fused,495,-8.362645463078682
496,fusion,496,-8.51679614290594
497,generally,497,-8.87780948844327
498,geniculate,498,-7.217513158775679
499,genus,499,-6.8259178985316655
500,glass,500,-7.702504578986906
501,globules,501,-8.111331034797775
502,gradual,502,-5.822988298519274
503,gradually,503,-4.404929229991636
504,great,504,-7.213389441591817
505,green,505,-4.475607320734129
506,gridlike,506,-8.362645463078682
507,gross,507,-7.808611084981454
508,had,508,-5.916353649418461
509,half,509,-5.458658303164519
510,halfdominantod,510,-8.42978476591631
511,halo,511,-7.894266529559948
512,halolike,512,-7.743606254672459
513,hard,513,-6.784872465288549
514,has,514,-6.505941710889676
515,have,515,-6.594983545429686
516,hemangiomalike,516,-6.9475491110550855
517,hemangiomas,517,-8.081478071648094
518,hemianopia,518,-9.180090360316203
519,hemianopic,519,-8.152573993331824
520,hemicystic,520,-9.180090360316203
521,hemiretina,521,-7.689171048117441
522,hemiretinal,522,-6.038222636514963
523,hemispheric,523,-8.595577020759054
524,hemistaining,524,-8.628913441026645
525,hemithorax,525,-9.209943323465886
526,hemorrhage,526,-4.612988610431184
527,hemorrhageod,527,-8.415991443783975
528,hemorrhages,528,-5.955349415995606
529,hemorrhagic,529,-4.420937575852625
530,heterogeneous,530,-7.625046519947903
531,high,531,-5.391898052608285
532,horizontal,532,-9.410614018928037
533,hourglasslike,533,-7.902429840199108
534,humor,534,-8.992878818228057
535,hyperfluorescence,535,-3.529770714448817
536,hyperfluorescent,536,-4.904650483023392
537,hyperpigmentation,537,-6.139778455129125
538,hyperpigmented,538,-7.016091430608306
539,hypertransmissive,539,-8.663399617097815
540,hypofluorescence,540,-4.298626230571493
541,hypofluorescent,541,-6.016851615753399
542,identifiable,542,-7.961518756569115
543,identifiableod,543,-8.646007874385946
544,illegible,544,-8.899788395162046
545,image,545,-3.7566963597462624
546,imaged,546,-9.487575060064165
547,images,547,-6.638025296688255
548,imaging,548,-3.138645880903201
549,imagingod,549,-8.595577020759054
550,in,550,-0.7356513067698072
551,inability,551,-8.388962771396056
552,including,552,-7.558956408118913
553,incomplete,553,-8.681099194197216
554,increase,554,-8.922261251014104
555,increased,555,-2.89146673098764
556,increasing,556,-7.927327391820835
557,indentation,557,-6.709998796313345
558,indentations,558,-8.835249874024475
559,indistinct,559,-6.284828617125848
560,indistinctness,560,-7.1930221387673825
561,individual,561,-9.042889238802719
562,indocyanine,562,-4.475607320734129
563,inferior,563,-3.24115826512732
564,inferiorly,564,-6.235651381149763
565,influence,565,-8.856303283222307
566,infratemporal,566,-6.499874958207439
567,inhomogeneous,567,-8.121483406261794
568,ink,568,-7.524667334640281
569,inklike,569,-7.13050178178605
570,inner,570,-7.743606254672459
571,intact,571,-8.42978476591631
572,intense,572,-9.487575060064165
573,intercepted,573,-8.152573993331824
574,interface,574,-8.111331034797775
575,interfusion,575,-8.17385139177911
576,interlaminar,576,-7.606584457108166
577,internal,577,-7.637546682712134
578,interocular,578,-8.42978476591631
579,interrupted,579,-9.272463680447219
580,interspersed,580,-5.62474229882679
581,interstitial,581,-5.52030658041004
582,interstitium,582,-7.364116632967555
583,into,583,-7.519065079091611
584,intraareolar,584,-8.814630586821739
585,intracellular,585,-8.349742058242773
586,intraretinal,586,-7.547395585717837
587,invention,587,-8.486943179756258
588,involvement,588,-7.736637585356364
589,involves,589,-5.90072833151538
590,involving,590,-5.977822271847664
591,irregular,591,-6.105220766203489
592,irregularly,592,-7.433451326368619
593,is,593,-3.0372310282133816
594,ischemic,594,-7.153491300010748
595,isolated,595,-8.547567801572693
596,it,596,-5.7652608298639905
597,its,597,-5.062488935929835
598,itself,598,-7.918959142150319
599,junction,599,-7.464703869872723
600,kinked,600,-9.09553297228814
601,lacquer,601,-6.270300516562937
602,lacquerlike,602,-7.1730613962048455
603,lacunar,603,-7.729717142511792
604,lamellar,604,-4.008771152667903
605,large,605,-3.5743964313547267
606,largely,606,-6.338263698581873
607,larger,607,-9.042889238802719
608,laser,608,-3.816178045552118
609,late,609,-2.66463720291595
610,later,610,-6.536840152440909
611,lateral,611,-5.0567582612208515
612,leak,612,-8.922261251014104
613,leakage,613,-1.7676103833673182
614,leakageod,614,-6.7124894576257965
615,leaked,615,-7.878137147630065
616,leaking,616,-5.064406482059107
617,leaks,617,-5.793708064439189
618,leaky,618,-9.151102823442951
619,left,619,-2.548708786056974
620,lengthened,620,-8.87780948844327
621,lesion,621,-3.99418445279701
622,lesions,622,-6.839982827999069
623,less,623,-7.209282659639163
624,light,624,-6.006950544770687
625,lightly,625,-8.275634086089052
626,limited,626,-4.896909560278955
627,limiting,627,-7.757690994554197
628,line,628,-7.145769253916837
629,linear,629,-6.114777152923708
630,lines,630,-7.663025768013119
631,little,631,-6.18877961202009
632,local,632,-4.784552473908569
633,localized,633,-4.770148191730405
634,locally,634,-6.82034685348221
635,location,635,-7.3593433542148965
636,long,636,-7.878137147630065
637,loop,637,-7.368912805231048
638,looplike,638,-8.44377100789105
639,loops,639,-6.989423183526144
640,loss,640,-3.571157387279093
641,low,641,-6.005719775384556
642,lower,642,-4.0237432550385535
643,macrovascularity,643,-7.486095059854041
644,macula,644,-2.2423195016493858
645,maculaod,645,-7.486095059854041
646,macular,646,-2.5328980279726223
647,main,647,-8.681099194197216
648,mainly,648,-8.043011790820298
649,maintained,649,-8.26379962844205
650,malperfusion,650,-6.719998879647928
651,maplike,651,-7.935766260466702
652,margin,652,-5.685366920643226
653,margins,653,-7.022871117593684
654,mark,654,-8.337003032465343
655,marked,655,-7.69581559083611
656,markedly,656,-6.235651381149763
657,masking,657,-7.902429840199108
658,mass,658,-7.002668410276165
659,massed,659,-8.736158971380243
660,massive,660,-6.2051612143919765
661,massshaped,661,-8.646007874385946
662,measurement,662,-9.339155054945891
663,media,663,-5.961214535448004
664,medium,664,-7.255412431366665
665,mediumsized,665,-7.470008922102416
666,medullary,666,-8.628913441026645
667,membrane,667,-3.797891509787465
668,membranes,668,-6.93500976180235
669,membranous,669,-7.935766260466702
670,merchant,670,-7.764808462323062
671,microaneurysm,671,-7.13050178178605
672,microaneurysmal,672,-6.536840152440909
673,microaneurysms,673,-5.678249452874361
674,microangioma,674,-4.422451580683839
675,microangiomalike,675,-6.483874616860996
676,microangiomas,676,-4.216834461286362
677,microangiomasos,677,-8.77462525220804
678,microangiomatous,678,-7.438592725869038
679,microarterial,679,-8.628913441026645
680,microleakage,680,-6.074449107536736
681,microleakageod,681,-8.856303283222307
682,microvascular,682,-4.077537443905719
683,microvasculature,683,-6.56441347934501
684,microvessel,684,-8.532063615036728
685,microvessels,685,-5.379985271092043
686,mid,686,-6.338263698581873
687,middle,687,-4.245404854139128
688,midnasal,688,-8.968781266648998
689,midperipheral,689,-3.4435180628370117
690,midperiphery,690,-2.509361317433466
691,midperipheryod,691,-6.910393134166993
692,midstate,692,-8.547567801572693
693,midstateod,693,-8.547567801572693
694,midtemporal,694,-6.766279632211933
695,mild,695,-4.0448110891511
696,mildly,696,-5.497850546972167
697,moderate,697,-9.209943323465886
698,moderately,698,-8.681099194197216
699,more,699,-5.491946470781221
700,morphological,700,-9.52839705458442
701,morphology,701,-5.891907987672408
702,most,702,-9.410614018928037
703,mottled,703,-5.203161254257283
704,mottledlike,704,-8.992878818228057
705,much,705,-7.39818318753116
706,multifocal,706,-4.35318938519849
707,multilake,707,-7.793795999196313
708,multiple,708,-4.661503835314644
709,mushroomlike,709,-9.339155054945891
710,myelinated,710,-6.497860858835736
711,narrowing,711,-8.275634086089052
712,nasal,712,-3.3628916691699593
713,nasalis,713,-8.87780948844327
714,nasally,714,-7.771976951801674
715,nasalod,715,-9.09553297228814
716,nasolateral,716,-8.628913441026645
717,near,717,-5.511263564753657
718,neovascular,718,-3.8286504910497903
719,neovascularization,719,-4.563805698989571
720,neovascularized,720,-7.606584457108166
721,neovascularlike,721,-7.970252436537869
722,nerve,722,-6.385682590681784
723,network,723,-5.8374364342666585
724,neuroepithelial,724,-5.200958610194942
725,nevus,725,-8.163156102662361
726,next,726,-5.515774850600158
727,no,727,-2.2100509376321367
728,nodules,728,-8.362645463078682
729,nonperfused,729,-4.030716665387576
730,nonperfusion,730,-5.292480594741921
731,normal,731,-2.9496668115884455
732,normalod,732,-8.415991443783975
733,nose,733,-4.959717977178743
734,noseod,734,-8.595577020759054
735,not,735,-5.060575059747551
736,number,736,-4.359571631185805
737,numerous,737,-5.828124416641041
738,obliteration,738,-8.51679614290594
739,obscuration,739,-6.385682590681784
740,obscure,740,-7.373732091666996
741,obscured,741,-4.277870351872732
742,obscures,742,-6.387482771185931
743,obscuring,743,-4.32416145598093
744,observation,744,-8.681099194197216
745,observed,745,-5.397908087393175
746,obsolete,746,-8.856303283222307
747,obstructed,747,-9.374246374757162
748,obvious,748,-2.557784354221415
749,obviously,749,-7.138106381171269
750,occasional,750,-8.899788395162046
751,occluded,751,-7.119202226532115
752,occlusion,752,-3.529047013202447
753,occlusions,753,-6.969878587453174
754,occlusive,754,-7.378574716142785
755,occult,755,-7.089679787265794
756,occupancy,756,-5.908510471957435
757,od,757,-3.580470861574255
758,of,758,-0.8058306057394602
759,off,759,-7.570652447882104
760,old,760,-5.873419152146164
761,on,761,-3.927047287038016
762,one,762,-8.717466838368091
763,ood,763,-7.388330891088149
764,opacification,764,-5.750858276536068
765,opacities,765,-5.593308776225278
766,opacitiesod,766,-8.163156102662361
767,opacity,767,-5.623902315577066
768,opacityod,768,-8.07172189670273
769,ophthalmogram,769,-5.8520963826773436
770,optic,770,-1.587917065789188
771,or,771,-5.46723591115256
772,os,772,-2.8344539994876077
773,osteoblastlike,773,-8.612106322710265
774,other,774,-7.846638480570693
775,outer,775,-7.470008922102416
776,outlined,776,-9.30525350327021
777,outside,777,-7.169116617913829
778,oval,778,-6.547355496440433
779,over,779,-6.094409850099273
780,paint,780,-6.369625153785924
781,papillae,781,-8.87780948844327
782,paracentral,782,-8.362645463078682
783,parafoveal,783,-8.2066412146021
784,paranasal,784,-7.894266529559948
785,paratemporal,785,-8.945250769238804
786,paravalvular,786,-7.104332064052665
787,paravenous,787,-8.081478071648094
788,pars,788,-6.102507060331893
789,part,789,-4.043773026774147
790,partial,790,-6.758415895751719
791,partially,791,-7.242619079906756
792,partly,792,-7.582486905529107
793,parts,793,-4.727797155849634
794,patch,794,-5.791719992213803
795,patches,795,-4.7531325383719345
796,patchy,796,-3.4396356660282037
797,patchylike,797,-8.835249874024475
798,paths,798,-8.14210269346453
799,pathway,799,-6.730099975634431
800,pathways,800,-5.506772539241192
801,patient,801,-7.886169319327328
802,patient's,802,-8.349742058242773
803,pattern,803,-7.996920683620031
804,penetration,804,-8.184662307883325
805,pepperlike,805,-7.987952013637271
806,peppery,806,-7.987952013637271
807,perfused,807,-7.702504578986906
808,perfusion,808,-5.4188902446226415
809,perfusionfree,809,-8.324424250258485
810,perfusionod,810,-8.856303283222307
811,periaqueductal,811,-7.736637585356364
812,perimeter,812,-7.886169319327328
813,period,813,-5.661545767802995
814,perioptic,814,-6.886367954580004
815,peripapillary,815,-6.235651381149763
816,peripheral,816,-2.79113358064266
817,periphery,817,-2.646857422420694
818,peripheryod,818,-7.209282659639163
819,peritemporal,819,-8.131739906428983
820,permeability,820,-2.740599048199687
821,persisted,821,-7.234180211260892
822,petallike,822,-5.673826623904359
823,phase,823,-3.87255094202373
824,phases,824,-6.6951837105282035
825,"phenomenon""",825,-7.979063066220025
826,photocoagulation,826,-7.321955822143277
827,physiological,827,-9.09553297228814
828,pictures,828,-7.582486905529107
829,pieces,829,-6.792947879294095
830,pigment,830,-2.5038592402794824
831,pigmentation,831,-4.989990084756011
832,pigmented,832,-7.475342268077778
833,pinna,833,-8.628913441026645
834,pinpoint,834,-6.226406323005712
835,pinpointlike,835,-7.1930221387673825
836,plana,836,-6.220290095988277
837,plaque,837,-7.823648962345995
838,plaques,838,-6.073132451651988
839,plasma,839,-7.78646995910424
840,plasmacytic,840,-7.1970625483043875
841,point,841,-8.195591378415516
842,points,842,-7.656594877682828
843,polar,843,-6.156800142698556
844,pole,844,-2.7110680676919814
845,poleod,845,-8.835249874024475
846,polyplike,846,-7.303773503060086
847,polypoid,847,-8.595577020759054
848,polypoidal,848,-7.793795999196313
849,poor,849,-6.3263283480326
850,poorly,850,-5.185674469869568
851,position,851,-6.541033030700946
852,possible,852,-9.01757143081843
853,posterior,853,-2.6884746059115394
854,posteriorly,854,-8.814630586821739
855,predominant,855,-8.324424250258485
856,predominantly,856,-6.0344179394712985
857,predominantlyod,857,-8.131739906428983
858,preoptic,858,-7.894266529559948
859,preretinal,859,-5.833287050719848
860,presence,860,-8.402385791728195
861,pressure,861,-6.626517689836776
862,process,862,-6.396532606705849
863,progressive,863,-7.180997945800582
864,proliferate,864,-7.854420621012748
865,proliferates,865,-7.39818318753116
866,proliferating,866,-8.052490534774842
867,proliferation,867,-4.697420199862634
868,proliferationod,868,-8.595577020759054
869,proliferative,869,-5.496371256761577
870,prolongation,870,-4.906697566645118
871,prolonged,871,-5.356577180194028
872,proximal,872,-5.397908087393175
873,pulling,873,-7.10802892593399
874,punctate,874,-4.274162200606572
875,quadrant,875,-3.8219791667932044
876,quadrantod,876,-7.600505411031785
877,quadrants,877,-4.636169991538466
878,quality,878,-7.793795999196313
879,radiolucent,879,-8.579316499887273
880,range,880,-8.77462525220804
881,rapid,881,-8.07172189670273
882,ratio,882,-6.036952795074486
883,ratiood,883,-8.131739906428983
884,recess,884,-7.312823338580005
885,reduced,885,-7.854420621012748
886,reduction,886,-8.814630586821739
887,reflow,887,-6.2799624274746755
888,reflux,888,-3.6444945187224396
889,refractive,889,-5.24653611869126
890,regard,890,-8.899788395162046
891,region,891,-5.500815708522001
892,regions,892,-7.3593433542148965
893,relatively,893,-7.831253561731215
894,remain,894,-7.480704211219164
895,remained,895,-5.506025991987409
896,remaining,896,-5.072113649304045
897,residual,897,-5.654595261976471
898,residuals,898,-8.131739906428983
899,residue,899,-8.814630586821739
900,rest,900,-5.4579468125617545
901,restricted,901,-6.224873755655935
902,retardation,902,-7.582486905529107
903,retarded,903,-6.246546430554831
904,reticular,904,-7.513494034042155
905,reticularis,905,-9.339155054945891
906,retina,906,-2.4094695960692927
907,retinal,907,-1.2955249234877844
908,retinaod,908,-9.180090360316203
909,return,909,-6.019342277065851
910,revealed,910,-8.415991443783975
911,reveals,911,-7.637546682712134
912,right,912,-3.3924714781966965
913,rigid,913,-7.4232471561943765
914,rigidly,914,-8.77462525220804
915,rim,915,-7.5884570725156095
916,ring,916,-3.4496086793047627
917,ringod,917,-9.06886472520598
918,rings,918,-6.986139108324954
919,ringshaped,919,-7.349864610260353
920,roughly,920,-5.582778099727758
921,round,921,-6.787557030659219
922,roundlike,922,-6.547355496440433
923,s,923,-8.375717544646035
924,same,924,-6.431688863690427
925,scar,925,-6.40934156499843
926,scarring,926,-7.9528606938260005
927,scattered,927,-2.8440457774974672
928,sclera,928,-8.26379962844205
929,scleral,929,-7.388330891088149
930,scope,930,-9.339155054945891
931,see,931,-8.131739906428983
932,seen,932,-1.7793440227695574
933,segment,933,-9.09553297228814
934,segmental,934,-4.287752940265227
935,segmentodod,935,-9.180090360316203
936,semiannular,936,-8.736158971380243
937,semimild,937,-8.217814515200226
938,several,938,-4.544505085463674
939,shadow,939,-6.732641273063104
940,shape,940,-5.832252389479072
941,shaped,941,-7.4232471561943765
942,sheet,942,-7.69581559083611
943,sheets,943,-7.961518756569115
944,show,944,-5.7828222567939385
945,showed,945,-4.625594465291378
946,showing,946,-7.104332064052665
947,shows,947,-8.043011790820298
948,side,948,-3.9773773344806282
949,sides,949,-7.823648962345995
950,sign,950,-8.547567801572693
951,"sign""",951,-7.637546682712134
952,significant,952,-2.3931742528080178
953,significantly,953,-6.380301411777266
954,signs,954,-7.793795999196313
955,size,955,-5.083786933608771
956,sized,956,-8.415991443783975
957,sizes,957,-7.502444197855571
958,slender,958,-5.488274046528957
959,slenderness,959,-7.637546682712134
960,slices,960,-7.979063066220025
961,slight,961,-4.443376049129768
962,slightly,962,-4.38673349808176
963,sluggish,963,-9.374246374757162
964,small,964,-2.6451479472405146
965,smaller,965,-7.894266529559948
966,smallvessel,966,-8.968781266648998
967,smoke,967,-7.637546682712134
968,so,968,-6.603892290318797
969,some,969,-4.394070288145613
970,sparse,970,-6.371396633434307
971,sparser,971,-8.043011790820298
972,speckled,972,-6.1510939931217
973,specklelike,973,-8.131739906428983
974,spiral,974,-7.979063066220025
975,splitting,975,-8.005970519139948
976,spot,976,-5.00163896199977
977,spotlike,977,-6.9164907140351115
978,spotod,978,-8.646007874385946
979,spots,979,-3.2387587903122355
980,spotsos,980,-9.09553297228814
981,spotted,981,-8.252103588678859
982,sprouts,982,-8.163156102662361
983,stage,983,-3.5362036065226268
984,stages,984,-5.149500312919466
985,stain,985,-8.922261251014104
986,stained,986,-5.341270758911353
987,staining,987,-2.444659715465685
988,stainingod,988,-7.862263798473775
989,stainlike,989,-9.09553297228814
990,stale,990,-8.152573993331824
991,started,991,-6.635713156929876
992,stellate,992,-7.894266529559948
993,stiff,993,-7.7228442632240295
994,stiffened,994,-8.814630586821739
995,stiffness,995,-7.669498282518736
996,still,996,-5.221520601642704
997,straight,997,-6.109305183045715
998,streaked,998,-8.579316499887273
999,streaks,999,-7.676012963539931
1000,striated,1000,-6.784872465288549
1001,string,1001,-8.79442787950422
1002,strip,1002,-7.272728881378125
1003,striped,1003,-7.564787328429706
1004,stripes,1004,-7.987952013637271
1005,striplike,1005,-8.229114070454159
1006,strips,1006,-6.278345612247769
1007,strong,1007,-3.3718595506183253
1008,stronger,1008,-7.564787328429706
1009,strongly,1009,-6.862906467901006
1010,structural,1010,-5.581972622438942
1011,structure,1011,-5.0701812815529905
1012,structures,1012,-7.582486905529107
1013,subcentral,1013,-7.771976951801674
1014,subchoroidal,1014,-8.856303283222307
1015,subhomogeneous,1015,-8.51679614290594
1016,submidtemporal,1016,-8.663399617097815
1017,submitted,1017,-8.77462525220804
1018,subnasal,1018,-5.069698772496585
1019,suboptic,1019,-9.180090360316203
1020,subretinal,1020,-4.87562788979705
1021,sulcus,1021,-6.4661750397615965
1022,superficial,1022,-7.970252436537869
1023,superior,1023,-3.4377472696592677
1024,supply,1024,-7.886169319327328
1025,supranasal,1025,-5.625582988241584
1026,supraoptic,1026,-8.646007874385946
1027,supratemporal,1027,-5.777913066767701
1028,surface,1028,-4.359334523893645
1029,surrounded,1029,-6.787557030659219
1030,surrounding,1030,-6.8923203531073
1031,suspicious,1031,-7.41818385423783
1032,tangled,1032,-8.663399617097815
1033,temporal,1033,-2.3822156007569153
1034,temporale,1034,-7.486095059854041
1035,temporalis,1035,-7.502444197855571
1036,temporally,1036,-7.033127617760872
1037,terminal,1037,-6.982865782979985
1038,than,1038,-8.052490534774842
1039,that,1039,-9.151102823442951
1040,the,1040,0.0
1041,their,1041,-6.581767494038161
1042,them,1042,-7.625046519947903
1043,there,1043,-6.292991927765009
1044,thick,1044,-6.038222636514963
1045,thickness,1045,-6.603892290318797
1046,thin,1046,-5.438925457104194
1047,thinning,1047,-6.798367946763435
1048,this,1048,-8.736158971380243
1049,three,1049,-8.77462525220804
1050,through,1050,-7.096979089747405
1051,throughout,1051,-5.315652363196689
1052,time,1052,-3.3477767184504885
1053,timeod,1053,-7.650205079584058
1054,times,1054,-6.294632617222469
1055,timesod,1055,-6.973109608034619
1056,tiny,1056,-5.970670870690039
1057,tissue,1057,-3.748940374640753
1058,tissues,1058,-7.126721058946144
1059,to,1059,-3.6331910535045497
1060,tortuosity,1060,-6.626517689836776
1061,tortuous,1061,-4.265490999515716
1062,tortuously,1062,-7.743606254672459
1063,total,1063,-8.663399617097815
1064,traces,1064,-6.8259178985316655
1065,track,1065,-7.637546682712134
1066,traffic,1066,-6.538934394044023
1067,transillumination,1067,-7.606584457108166
1068,translucency,1068,-7.364116632967555
1069,translucent,1069,-5.407329422221565
1070,transmission,1070,-7.78646995910424
1071,transverse,1071,-8.152573993331824
1072,travel,1072,-6.9475491110550855
1073,travelod,1073,-8.681099194197216
1074,triangularshaped,1074,-8.77462525220804
1075,trophoblastic,1075,-6.761030276325791
1076,trunk,1076,-8.681099194197216
1077,trunks,1077,-8.349742058242773
1078,tube,1078,-8.062059985790993
1079,tufts,1079,-8.77462525220804
1080,tumor,1080,-6.61288111488723
1081,tumorlike,1081,-6.346877016259988
1082,tumors,1082,-6.851378962729939
1083,twisted,1083,-9.180090360316203
1084,two,1084,-6.784872465288549
1085,type,1085,-9.52839705458442
1086,typical,1086,-7.5765521700092915
1087,unchanged,1087,-5.652865157738688
1088,unclear,1088,-4.703756722648427
1089,uncooperative,1089,-6.862906467901006
1090,under,1090,-6.562265250806719
1091,underneath,1091,-6.405665090269121
1092,uneven,1092,-5.661545767802995
1093,unevenly,1093,-5.980217482573618
1094,unhemorrhaged,1094,-7.886169319327328
1095,unseen,1095,-8.14210269346453
1096,until,1096,-6.9287985617097085
1097,upper,1097,-4.57934169958599
1098,uveitis,1098,-9.09553297228814
1099,vaguely,1099,-8.349742058242773
1100,variable,1100,-7.44376069602748
1101,varying,1101,-7.303773503060086
1102,vascular,1102,-2.7304101397145284
1103,vascularity,1103,-7.894266529559948
1104,vascularization,1104,-7.388330891088149
1105,vascularized,1105,-6.472040159213995
1106,vasculature,1106,-5.422316078737159
1107,vasodilatation,1107,-5.232246078436241
1108,vasodilatationod,1108,-8.195591378415516
1109,vasodilated,1109,-7.846638480570693
1110,vasodilation,1110,-7.553159290434586
1111,vein,1111,-4.985989190332644
1112,veins,1112,-4.003940627742374
1113,veinsod,1113,-9.01757143081843
1114,veinsos,1114,-9.09553297228814
1115,venous,1115,-3.5649248289565416
1116,venules,1116,-7.9442769501346095
1117,vertical,1117,-7.9528606938260005
1118,vertically,1118,-7.650205079584058
1119,very,1119,-6.2832039213988455
1120,vesiclelike,1120,-8.646007874385946
1121,vesicular,1121,-7.823648962345995
1122,vessel,1122,-5.3009552217328935
1123,vessels,1123,-2.305374935412267
1124,vesselsod,1124,-8.42978476591631
1125,visible,1125,-3.5507779142984908
1126,visualized,1126,-8.14210269346453
1127,vitreous,1127,-3.82670008641924
1128,walking,1128,-8.992878818228057
1129,wall,1129,-4.610547351971263
1130,walls,1130,-5.09658868401881
1131,wart,1131,-8.856303283222307
1132,warts,1132,-5.52714291542833
1133,warty,1133,-6.462283984268629
1134,was,1134,-1.855774889194238
1135,we,1135,-9.151102823442951
1136,weak,1136,-4.2265442783021445
1137,weakly,1137,-5.743260899062127
1138,well,1138,-8.968781266648998
1139,welldefined,1139,-8.152573993331824
1140,were,1140,-2.7889125091735774
1141,where,1141,-8.646007874385946
1142,which,1142,-5.169553755366195
1143,while,1143,-9.122931946476255
1144,whole,1144,-6.520242261031871
1145,widely,1145,-8.646007874385946
1146,widespread,1146,-8.755207166350939
1147,with,1147,-1.7795416530040336
1148,within,1148,-4.829812423956902
1149,without,1149,-5.628109305374695
1150,zone,1150,-4.834376905065492
1151,~,1151,-8.015103002703222
